{"cameraMode":{"drawMode":0,"name":"Shaded","section":"Shading Mode"},"sceneLighting":false,"audioPlay":false,"sceneViewState":{"m_AlwaysRefresh":false,"showFog":true,"showSkybox":false,"showFlares":true,"showImageEffects":true,"showParticleSystems":true,"showVisualEffectGraphs":true,"m_FxEnabled":true},"in2DMode":false,"pivot":{"x":88.83999633789063,"y":0.5480079650878906,"z":0.2260608673095703},"rotation":{"x":0.2549605667591095,"y":0.10908360034227371,"z":-0.028968319296836854,"w":0.9603585004806519},"size":25.980762481689454,"orthographic":false}